Method family,Type of paper,Method description,DOI,Citations,Year,Open source,Language,Repository,Strengths,Limitations
1. Statistical / geostatistical interpolation,Method,Fast kriging of large data sets with Gaussian Markov random fields,10.1016/j.csda.2007.09.018,64,2007,No,,,,
1. Statistical / geostatistical interpolation,Method,Objective Analysis of Meteorological Fields (Gandin),10.1002/qj.49709239320,25,1966,No,,,,
1. Statistical / geostatistical interpolation,Method,Optimal interpolation (Bretherton),10.1016/0011-7471(76)90001-2,1025,1976,No,,,,
1. Statistical / geostatistical interpolation,Method,Kriging in the hydrosciences,10.1016/0309-1708(78)90039-8,588,1978,No,,,,
1. Statistical / geostatistical interpolation,Method,Reduced Space Optimal Interpolation of Historical Marine Sea Level Pressure,/10.1175/1520-0442(2000)013<2987:RSOIOH>2.0.CO,2,152,3998,No,,,
1. Statistical / geostatistical interpolation,Method,10.1175/1520-0426(2002)019<1357:OIBFDW>2.0.CO,2,10.1029/JC095iC08p13529,5,1990,No,,,
1. Statistical / geostatistical interpolation,Application,Sea Surface Temperature Analyses Using Optimum Interpolation,10.1175/1520-0442(1994)007<0929:IGSSTA>2.0.CO,2,1755,1994,No,,,
1. Statistical / geostatistical interpolation,Method,Convergent weighted-averaging interpolation scheme,10.1175/1520-0450(1964)003<0396:ATFMDI>2.0.CO,2,612,1964,No,,,
1. Statistical / geostatistical interpolation,Application,Delaunay triangulation,10.1016/j.csr.2009.09.006,39,2009,No,,,,
1. Statistical / geostatistical interpolation,Method,Locally weighted regression,10.1080/01621459.1988.10478639,3882,1988,No,,,,
1. Statistical / geostatistical interpolation,Method,Scale-controlled objective analysis,10.1175/1520-0493(1987)115<2479:SCOA>2.0.CO,2,34,1987,No,,,
1. Statistical / geostatistical interpolation,Method,Four-dimensional weighted least squares,10.1175/1520-0426(2002)019<1357:OIBFDW>2.0.CO,2,389,2002,No,,,
1. Statistical / geostatistical interpolation,Method,Optimal Regional Averaging Method with Error Estimates,10.1175/1520-0442(1998)011<2340:AORAMW>2.0.CO,2,18,1998,No,,,
1. Statistical / geostatistical interpolation,Method,Gaussian Process Regression Modelling (GPRM) for climate applications,10.1002/gdj3.70064,1,2026,Yes,Python ,https://github.com/NOCSurfaceProcesses/GloMarGridding,,
1. Statistical / geostatistical interpolation,Method,Empirical multivariate linear regression (MLR) model to estimate the concentration of dissolved inorganic carbon (DIC),10.5194/bg-19-241-2022,13,2022,Yes,R,https://figshare.com/projects/An_Empirical_MLR_for_Estimating_Surface_Layer_DIC_and_a_Comparative_Assessment_to_Other_Gap-filling_Techniques_for_Ocean_Carbon_Time_Series/100349,,
1. Statistical / geostatistical interpolation,Application,"Combined temporal [Masarie and Tans, 1995] and spatial [Cressman, 1959; Barnes, 1964] interpolation techniques",10.1002/2014MS000416,31,2015,No,,,,
2. Splines,Method,Smoothing noisy data with spline functions,10.1007/BF01404567,2948,1978,No,,,,
2. Splines,Method,Thin plate splines with tension,10.1016/0167-8396(85)90011-1,44,1985,No,,,,
2. Splines,Method,Variational Objective Analysis Using Splines and Cross Validation,10.1175/1520-0493(1980)108<1122:SNMMFV>2.0.CO,2,361,1980,No,,,
2. Splines,Method,Spline in Tension,10.1002/sapm1966451312,298,1966,No,,,,
3. Classical machine learning,Review/survey,"Comparison of various ML models : linear regression, neural networks, random forests, and gradient boosting",10.1016/j.rineng.2025.104708,13,2025,No,,,,
3. Classical machine learning,Application,Self-Organizing Maps and Feed-Forward Network,10.5194/essd-16-421-2024,22,2024,No,,,,
4. Deep learning (CNN/autoencoder),Method,DINCAE 1,10.5194/gmd-13-1609-2020,106,2020,Yes,Python,,,
4. Deep learning (CNN/autoencoder),Method,DINCAE 2,10.5194/gmd-15-2183-2022,48,2022,Yes,Julia,,,
4. Deep learning (CNN/autoencoder),Method,Grid-Encoded Neural Network (GENN),10.1109/ICICSP62589.2024.10809327,0,2024,To check,,,,
4. Deep learning (CNN/autoencoder),Method,Discretized Spatial Encoding Neural Network,10.3390/jmse12061013,5,2024,No,,,,
4. Deep learning (CNN/autoencoder),Method,Neural Networks for Wave Height Interpolation,10.1111/0885-9507.00058,2,1997,No,,,,
4. Deep learning (CNN/autoencoder),Method,Ocean data fusion network (ODF-Net),10.3389/fmars.2023.1112065,18,2023,No,,,,
4. Deep learning (CNN/autoencoder),Method,bilinear residual neural network representations,10.1109/IGARSS.2018.8519345,10,2018,To check,,,,
4. Deep learning (CNN/autoencoder),Method,data gap filling in wave records,10.1016/j.apor.2020.102109,50,2020,No,,,,
4. Deep learning (CNN/autoencoder),Application,SOM-FFN (Self Organizing Map – Feed Forward Neural Network),10.5194/essd-12-2537-2020,82,2020,No,,,,
4. Deep learning (CNN/autoencoder),Method,Multi-linear regression (JMA-MLR) and MPI-SOMFFN approaches for pCO2,10.5194/gmd-12-5113-2019,94,2019,No,,,,
4. Deep learning (CNN/autoencoder),Application,Evaluation of three machine learning models for surface ocean CO2 mapping,10.5194/os-13-303-2017,15,2017,Yes,,https://figshare.com/s/38488b7003b03e2103c9,,
4. Deep learning (CNN/autoencoder),Application,Feedforward and LSTM Neural Networks at Predicting and Gap Filling Coastal Ocean Timeseries,10.3389/fmars.2021.637759,,2021,No,,,,
5. GAN-based (generative),Method,Sea-Level Variability in the North Sea,10.1029/2020JC016402,22,2020,No,,,,
7. Variational method,Application,DIVA application in Northeastern Atlantic,10.1029/2009JC005512,53,2010,No,,,,
7. Variational method,Application,DIVA detrending application,10.1007/s10236-013-0683-4,31,2014,No,,,,
7. Variational method,Method,Error fields in DIVA,10.1175/JTECH-D-13-00130.1,29,2013,Yes,Fortran,https://github.com/gher-uliege/DIVA,,
7. Variational method,Application,DIVA method,10.1016/j.ocemod.2012.05.002,181,2012,Yes,Fortran,https://github.com/gher-uliege/DIVA,,
7. Variational method,Application,DIVAnd method,10.5194/gmd-7-225-2014,48,2014,Yes,Julia,,,
7. Variational method,Application,Aragonite climatology with DIVA,10.1002/2015GB005198,181,2015,No,,,,
7. Variational method,Application,GLODAP version 2,10.5194/essd-8-325-2016,326,2016,No,,,,
7. Variational method,Application,Interior Arctic Ocean,10.1126/sciadv.aat6773,129,2018,No,,,,
7. Variational method,Application,Mediterranean Sea climatic indices,10.5194/essd-10-1829-2018,33,2018,No,,,,
7. Variational method,Application,Mediterranean Sea Hydrographic Atlas with DIVA,10.5194/essd-10-1281-2018,14,2018,No,,,,
7. Variational method,Application,New Global Ocean Climatology with DIVAnd,10.3389/fenvs.2021.711363,9,2021,No,,,,
7. Variational method,Application,Climatological distribution of dissolved inorganic nutrients in the western Mediterranean Sea,10.5194/essd-13-5915-2021,12,2021,No,,,,
7. Variational method,Method,Mediterranean Sea climatology,10.1016/S0924-7963(98)00005-0,63,1998,No,,,,
7. Variational method,Method,Numerically efficient data analysis method with error map generation,10.1016/S1463-5003(00)00009-3,36,2000,No,,,,
7. Variational method,Method,Optimal analysis of in situ data in the Western Mediterranean,10.1175/1520-0426(1996)013<0477:OAOISD>2.0.CO,2,39,1996,No,,,
7. Variational method,Application,Mediterranean Sea: Climatological,10.1016/0967-0637(96)00012-X,242,1996,No,,,,
7. Variational method,Application,Application of DIVA (2D) to ocean surface during the Last Glacial Maximum ,10.5194/cp-17-805-2021,27,2021,No,,,,
Review / cross-cutting,Review/survey,Surface Ocean pCO2 Mapping intercomparison (SOCOM),10.5194/bg-12-7251-2015,186,2015,No,,,,
